{
  "data": {
    "cards-countries-af": "Afghanistan",
    "cards-countries-al": "Albania",
    "cards-countries-dz": "Algeria",
    "cards-countries-ad": "Andorra",
    "cards-countries-ao": "Angola",
    "cards-countries-ai": "Anguilla",
    "cards-countries-ag": "Antigua and Barbuda",
    "cards-countries-ar": "Argentina",
    "cards-countries-am": "Armenia",
    "cards-countries-aw": "Aruba",
    "cards-countries-au": "Australia",
    "cards-countries-at": "Austria",
    "cards-countries-az": "Azerbaijan",
    "cards-countries-bs": "Bahamas",
    "cards-countries-bh": "Bahrain",
    "cards-countries-bd": "Bangladesh",
    "cards-countries-bb": "Barbados",
    "cards-countries-by": "Belarus",
    "cards-countries-be": "Belgium",
    "cards-countries-bz": "Belize",
    "cards-countries-bj": "Benin",
    "cards-countries-bm": "Bermuda",
    "cards-countries-bt": "Bhutan",
    "cards-countries-bo": "Bolivia",
    "cards-countries-ba": "Bosnia and Herzegovina",
    "cards-countries-bw": "Botswana",
    "cards-countries-br": "Brazil",
    "cards-countries-io": "British Indian Ocean Territory",
    "cards-countries-bn": "Brunei",
    "cards-countries-bg": "Bulgaria",
    "cards-countries-bf": "Burkina Faso",
    "cards-countries-bi": "Burundi",
    "cards-countries-kh": "Cambodia",
    "cards-countries-cm": "Cameroon",
    "cards-countries-ca": "Canada",
    "cards-countries-cv": "Cape Verde",
    "cards-countries-ky": "Cayman Islands",
    "cards-countries-cf": "Central African Republic",
    "cards-countries-td": "Chad",
    "cards-countries-cl": "Chile",
    "cards-countries-cn": "China",
    "cards-countries-co": "Colombia",
    "cards-countries-km": "Comoros",
    "cards-countries-ck": "Cook Islands",
    "cards-countries-cr": "Costa Rica",
    "cards-countries-hr": "Croatia",
    "cards-countries-cu": "Cuba",
    "cards-countries-cy": "Cyprus",
    "cards-countries-cz": "Czech Republic",
    "cards-countries-cd": "Democratic Republic of the Congo",
    "cards-countries-dk": "Denmark",
    "cards-countries-dj": "Djibouti",
    "cards-countries-dm": "Dominica",
    "cards-countries-do_1": "Dominican Republic",
    "cards-countries-do_2": "Dominican Republic",
    "cards-countries-do_3": "Dominican Republic",
    "cards-countries-tl": "East Timor",
    "cards-countries-ec": "Ecuador",
    "cards-countries-eg": "Egypt",
    "cards-countries-sv": "El Salvador",
    "cards-countries-gq": "Equatorial Guinea",
    "cards-countries-er": "Eritrea",
    "cards-countries-ee": "Estonia",
    "cards-countries-et": "Ethiopia",
    "cards-countries-fk": "Falkland Islands",
    "cards-countries-fo": "Faroe Islands",
    "cards-countries-fj": "Fiji",
    "cards-countries-fi": "Finland",
    "cards-countries-fr": "France",
    "cards-countries-pf": "French Polynesia",
    "cards-countries-ga": "Gabon",
    "cards-countries-gm": "Gambia",
    "cards-countries-ge": "Georgia",
    "cards-countries-de": "Germany",
    "cards-countries-gh": "Ghana",
    "cards-countries-gi": "Gibraltar",
    "cards-countries-gr": "Greece",
    "cards-countries-gl": "Greenland",
    "cards-countries-gd": "Grenada",
    "cards-countries-gu": "Guam",
    "cards-countries-gt": "Guatemala",
    "cards-countries-gp": "Guadeloupe",
    "cards-countries-gg": "Guernsey",
    "cards-countries-gn": "Guinea",
    "cards-countries-gw": "Guinea-Bissau",
    "cards-countries-gy": "Guyana",
    "cards-countries-ht": "Haiti",
    "cards-countries-hn": "Honduras",
    "cards-countries-hk": "Hong Kong",
    "cards-countries-hu": "Hungary",
    "cards-countries-is": "Iceland",
    "cards-countries-in": "India",
    "cards-countries-id": "Indonesia",
    "cards-countries-ir": "Iran",
    "cards-countries-iq": "Iraq",
    "cards-countries-ie": "Ireland",
    "cards-countries-il": "Israel",
    "cards-countries-it": "Italy",
    "cards-countries-ci": "Ivory Coast",
    "cards-countries-jm": "Jamaica",
    "cards-countries-jp": "Japan",
    "cards-countries-je": "Jersey",
    "cards-countries-jo": "Jordan",
    "cards-countries-kz": "Kazakhstan",
    "cards-countries-ke": "Kenya",
    "cards-countries-ki": "Kiribati",
    "cards-countries-xk": "Kosovo",
    "cards-countries-kw": "Kuwait",
    "cards-countries-kg": "Kyrgyzstan",
    "cards-countries-la": "Laos",
    "cards-countries-lv": "Latvia",
    "cards-countries-lb": "Lebanon",
    "cards-countries-ls": "Lesotho",
    "cards-countries-lr": "Liberia",
    "cards-countries-ly": "Libya",
    "cards-countries-li": "Liechtenstein",
    "cards-countries-lt": "Lithuania",
    "cards-countries-lu": "Luxembourg",
    "cards-countries-mo": "Macau",
    "cards-countries-mk": "Macedonia",
    "cards-countries-mg": "Madagascar",
    "cards-countries-mw": "Malawi",
    "cards-countries-my": "Malaysia",
    "cards-countries-mv": "Maldives",
    "cards-countries-ml": "Mali",
    "cards-countries-mt": "Malta",
    "cards-countries-mh": "Marshall Islands",
    "cards-countries-mr": "Mauritania",
    "cards-countries-mu": "Mauritius",
    "cards-countries-mx": "Mexico",
    "cards-countries-fm": "Micronesia",
    "cards-countries-md": "Moldova",
    "cards-countries-mc": "Monaco",
    "cards-countries-mn": "Mongolia",
    "cards-countries-me": "Montenegro",
    "cards-countries-ma": "Morocco",
    "cards-countries-mz": "Mozambique",
    "cards-countries-mm": "Myanmar",
    "cards-countries-na": "Namibia",
    "cards-countries-nr": "Nauru",
    "cards-countries-np": "Nepal",
    "cards-countries-nl": "Netherlands",
    "cards-countries-an": "Netherlands Antilles",
    "cards-countries-nc": "New Caledonia",
    "cards-countries-nz": "New Zealand",
    "cards-countries-ni": "Nicaragua",
    "cards-countries-ne": "Niger",
    "cards-countries-ng": "Nigeria",
    "cards-countries-nf": "Norfolk Island",
    "cards-countries-kp": "North Korea",
    "cards-countries-no": "Norway",
    "cards-countries-om": "Oman",
    "cards-countries-pk": "Pakistan",
    "cards-countries-pw": "Palau",
    "cards-countries-ps": "Palestine",
    "cards-countries-pa": "Panama",
    "cards-countries-pg": "Papua New Guinea",
    "cards-countries-py": "Paraguay",
    "cards-countries-pe": "Peru",
    "cards-countries-ph": "Philippines",
    "cards-countries-pl": "Poland",
    "cards-countries-pt": "Portugal",
    "cards-countries-pr_1": "Puerto Rico",
    "cards-countries-pr_2": "Puerto Rico",
    "cards-countries-qa": "Qatar",
    "cards-countries-cg": "Republic of the Congo",
    "cards-countries-re": "Reunion",
    "cards-countries-ro": "Romania",
    "cards-countries-ru": "Russia",
    "cards-countries-rw": "Rwanda",
    "cards-countries-kn": "Saint Kitts and Nevis",
    "cards-countries-lc": "Saint Lucia",
    "cards-countries-vc": "Saint Vincent and the Grenadines",
    "cards-countries-ws": "Samoa",
    "cards-countries-sm": "San Marino",
    "cards-countries-st": "Cyprus",
    "cards-countries-sa": "Saudi Arabia",
    "cards-countries-sn": "Senegal",
    "cards-countries-rs": "Serbia",
    "cards-countries-sc": "Seychelles",
    "cards-countries-sl": "Sierra Leone",
    "cards-countries-sg": "Singapore",
    "cards-countries-sk": "Slovakia",
    "cards-countries-si": "Slovenia",
    "cards-countries-sb": "Solomon Islands",
    "cards-countries-so": "Somalia",
    "cards-countries-za": "South Africa",
    "cards-countries-kr": "South Korea",
    "cards-countries-ss": "South Sudan",
    "cards-countries-es": "Spain",
    "cards-countries-lk": "Sri Lanka",
    "cards-countries-sd": "Sudan",
    "cards-countries-sr": "Suriname",
    "cards-countries-sz": "Swaziland",
    "cards-countries-se": "Sweden",
    "cards-countries-ch": "Switzerland",
    "cards-countries-sy": "Syria",
    "cards-countries-tw": "Taiwan",
    "cards-countries-tj": "Tajikistan",
    "cards-countries-tz": "Tanzania",
    "cards-countries-th": "Thailand",
    "cards-countries-to": "Tonga",
    "cards-countries-tg": "Togo",
    "cards-countries-tt": "Trinidad and Tobago",
    "cards-countries-tn": "Tunisia",
    "cards-countries-tr": "Turkey",
    "cards-countries-tm": "Turkmenistan",
    "cards-countries-tc": "Turks and Caicos Islands",
    "cards-countries-ug": "Uganda",
    "cards-countries-ua": "Ukraine",
    "cards-countries-ae": "United Arab Emirates",
    "cards-countries-gb": "United Kingdom",
    "cards-countries-us": "United States",
    "cards-countries-uy": "Uruguay",
    "cards-countries-uz": "Uzbekistan",
    "cards-countries-vu": "Vanuatu",
    "cards-countries-ve": "Venezuela",
    "cards-countries-vn": "Vietnam",
    "cards-countries-vg": "Virgin Islands, British",
    "cards-countries-ye": "Yemen",
    "cards-countries-zm": "Zambia",
    "cards-countries-zw": "Zimbabwe"
   
    
  }
}
