{
  "data": {
    "cards-countries-af": "Afganistán",
    "cards-countries-al": "Albania",
    "cards-countries-dz": "Argelia",
    "cards-countries-ad": "Andorra",
    "cards-countries-ao": "Angola",
    "cards-countries-ai": "Anguila",
    "cards-countries-ag": "Antigua y Barbuda",
    "cards-countries-ar": "Argentina",
    "cards-countries-am": "Armenia",
    "cards-countries-aw": "Aruba",
    "cards-countries-au": "Australia",
    "cards-countries-at": "Austria",
    "cards-countries-az": "Azerbaiyán",
    "cards-countries-bs": "Bahamas",
    "cards-countries-bh": "Bahrein",
    "cards-countries-bd": "Bangladesh",
    "cards-countries-bb": "Barbados",
    "cards-countries-by": "Bielorrusia",
    "cards-countries-be": "Bélgica",
    "cards-countries-bz": "Belice",
    "cards-countries-bj": "Benin",
    "cards-countries-bm": "Bermudas",
    "cards-countries-bt": "Bhután",
    "cards-countries-bo": "Bolivia",
    "cards-countries-ba": "Bosnia y Herzegovina",
    "cards-countries-bw": "Botswana",
    "cards-countries-br": "Brasil",
    "cards-countries-io": "Territorio Británico del Océano Índico",
    "cards-countries-bn": "Brunei",
    "cards-countries-bg": "Bulgaria",
    "cards-countries-bf": "Burkina Faso",
    "cards-countries-bi": "Burundi",
    "cards-countries-kh": "Camboya",
    "cards-countries-cm": "Camerún",
    "cards-countries-ca": "Canadá",
    "cards-countries-cv": "Cabo Verde",
    "cards-countries-ky": "Islas Caimán",
    "cards-countries-cf": "República Centroafricana",
    "cards-countries-td": "Chad",
    "cards-countries-cl": "Chile",
    "cards-countries-cn": "China",
    "cards-countries-co": "Colombia",
    "cards-countries-km": "Comoras",
    "cards-countries-ck": "Islas Cook",
    "cards-countries-cr": "Costa Rica",
    "cards-countries-hr": "Croacia",
    "cards-countries-cu": "Cuba",
    "cards-countries-cy": "Chipre",
    "cards-countries-cz": "República Checa",
    "cards-countries-cd": "República Democrática del Congo",
    "cards-countries-dk": "Dinamarca",
    "cards-countries-dj": "Djibouti",
    "cards-countries-dm": "Dominica",
    "cards-countries-do_1": "República Dominicana",
    "cards-countries-do_2": "República Dominicana",
    "cards-countries-do_3": "República Dominicana",
    "cards-countries-tl": "Timor Oriental",
    "cards-countries-ec": "Ecuador",
    "cards-countries-eg": "Egipto",
    "cards-countries-sv": "El Salvador",
    "cards-countries-gq": "Guinea Ecuatorial",
    "cards-countries-er": "Eritrea",
    "cards-countries-ee": "Estonia",
    "cards-countries-et": "Etiopía",
    "cards-countries-fk": "Islas Malvinas",
    "cards-countries-fo": "Islas Feroe",
    "cards-countries-fj": "Fiji",
    "cards-countries-fi": "Finlandia",
    "cards-countries-fr": "Francia",
    "cards-countries-pf": "Polinesia francesa",
    "cards-countries-ga": "Gabón",
    "cards-countries-gm": "Gambia",
    "cards-countries-ge": "Georgia",
    "cards-countries-de": "Alemania",
    "cards-countries-gh": "Ghana",
    "cards-countries-gi": "Gibraltar",
    "cards-countries-gr": "Grecia",
    "cards-countries-gl": "Groenlandia",
    "cards-countries-gd": "Granada",
    "cards-countries-gu": "Guam",
    "cards-countries-gt": "Guatemala",
    "cards-countries-gp": "Guadalupe",
    "cards-countries-gg": "Guernsey",
    "cards-countries-gn": "Guinea",
    "cards-countries-gw": "Guinea-Bissau",
    "cards-countries-gy": "Guyana",
    "cards-countries-ht": "Haití",
    "cards-countries-hn": "Honduras",
    "cards-countries-hk": "Hong Kong",
    "cards-countries-hu": "Hungría",
    "cards-countries-is": "Islandia",
    "cards-countries-in": "India",
    "cards-countries-id": "Indonesia",
    "cards-countries-ir": "Irán",
    "cards-countries-iq": "Iraq",
    "cards-countries-ie": "Irlanda",
    "cards-countries-il": "Israel",
    "cards-countries-it": "Italia",
    "cards-countries-ci": "Costa de Marfil",
    "cards-countries-jm": "Jamaica",
    "cards-countries-jp": "Japón",
    "cards-countries-je": "Jersey",
    "cards-countries-jo": "Jordan",
    "cards-countries-kz": "Kazajstán",
    "cards-countries-ke": "Kenia",
    "cards-countries-ki": "Kiribati",
    "cards-countries-xk": "Kosovo",
    "cards-countries-kw": "Kuwait",
    "cards-countries-kg": "Kirguistán",
    "cards-countries-la": "Laos",
    "cards-countries-lv": "Letonia",
    "cards-countries-lb": "Líbano",
    "cards-countries-ls": "Lesotho",
    "cards-countries-lr": "Liberia",
    "cards-countries-ly": "Libia",
    "cards-countries-li": "Liechtenstein",
    "cards-countries-lt": "Lituania",
    "cards-countries-lu": "Luxemburgo",
    "cards-countries-mo": "Macau",
    "cards-countries-mk": "Macedonia",
    "cards-countries-mg": "Madagascar",
    "cards-countries-mw": "Malawi",
    "cards-countries-my": "Malasia",
    "cards-countries-mv": "Maldivas",
    "cards-countries-ml": "Mali",
    "cards-countries-mt": "Malta",
    "cards-countries-mh": "Islas Marshall",
    "cards-countries-mr": "Mauritania",
    "cards-countries-mu": "Mauricio",
    "cards-countries-mx": "México",
    "cards-countries-fm": "Micronesia",
    "cards-countries-md": "Moldavia",
    "cards-countries-mc": "Monaco",
    "cards-countries-mn": "Mongolia",
    "cards-countries-me": "Montenegro",
    "cards-countries-ma": "Marruecos",
    "cards-countries-mz": "Mozambique",
    "cards-countries-mm": "Myanmar",
    "cards-countries-na": "Namibia",
    "cards-countries-nr": "Nauru",
    "cards-countries-np": "Nepal",
    "cards-countries-nl": "Países Bajos",
    "cards-countries-an": "Antillas Holandesas",
    "cards-countries-nc": "Nueva Caledonia",
    "cards-countries-nz": "Nueva Zelanda",
    "cards-countries-ni": "Nicaragua",
    "cards-countries-ne": "Níger",
    "cards-countries-ng": "Nigeria",
    "cards-countries-nf": "Isla Norfolk",
    "cards-countries-kp": "Corea del Norte",
    "cards-countries-no": "Noruega",
    "cards-countries-om": "Omán",
    "cards-countries-pk": "Pakistán",
    "cards-countries-pw": "Palau",
    "cards-countries-ps": "Palestina",
    "cards-countries-pa": "Panamá",
    "cards-countries-pg": "Papua Nueva Guinea",
    "cards-countries-py": "Paraguay",
    "cards-countries-pe": "Perú",
    "cards-countries-ph": "Filipinas",
    "cards-countries-pl": "Polonia",
    "cards-countries-pt": "Portugal",
    "cards-countries-pr_1": "Puerto Rico",
    "cards-countries-pr_2": "Puerto Rico",
    "cards-countries-qa": "Qatar",
    "cards-countries-cg": "República del Congo",
    "cards-countries-re": "Reunión",
    "cards-countries-ro": "Rumania",
    "cards-countries-ru": "Rusia",
    "cards-countries-rw": "Ruanda",
    "cards-countries-kn": "San Cristóbal y Nieves",
    "cards-countries-lc": "Santa Lucía",
    "cards-countries-vc": "San Vicente y las Granadinas",
    "cards-countries-ws": "Samoa",
    "cards-countries-sm": "San Marino",
    "cards-countries-st": "Chipre",
    "cards-countries-sa": "Arabia Saudita",
    "cards-countries-sn": "Senegal",
    "cards-countries-rs": "Serbia",
    "cards-countries-sc": "Seychelles",
    "cards-countries-sl": "Sierra Leona",
    "cards-countries-sg": "Singapur",
    "cards-countries-sk": "Eslovaquia",
    "cards-countries-si": "Eslovenia",
    "cards-countries-sb": "Islas Salomón",
    "cards-countries-so": "Somalia",
    "cards-countries-za": "Sudáfrica",
    "cards-countries-kr": "Corea del Sur",
    "cards-countries-ss": "Sudán del Sur",
    "cards-countries-es": "España",
    "cards-countries-lk": "Sri Lanka",
    "cards-countries-sd": "Sudán",
    "cards-countries-sr": "Suriname",
    "cards-countries-sz": "Suazilandia",
    "cards-countries-se": "Suecia",
    "cards-countries-ch": "Suiza",
    "cards-countries-sy": "Siria",
    "cards-countries-tw": "Taiwán",
    "cards-countries-tj": "Tayikistán",
    "cards-countries-tz": "Tanzania",
    "cards-countries-th": "Tailandia",
    "cards-countries-to": "Tonga",
    "cards-countries-tg": "Togo",
    "cards-countries-tt": "Trinidad y Tobago",
    "cards-countries-tn": "Túnez",
    "cards-countries-tr": "Turquía",
    "cards-countries-tm": "Turkmenistán",
    "cards-countries-tc": "Islas Turcas y Caicos",
    "cards-countries-ug": "Uganda",
    "cards-countries-ua": "Ucrania",
    "cards-countries-ae": "Emiratos Árabes Unidos",
    "cards-countries-gb": "Reino Unido",
    "cards-countries-us": "Estados Unidos",
    "cards-countries-uy": "Uruguay",
    "cards-countries-uz": "Uzbekistán",
    "cards-countries-vu": "Vanuatu",
    "cards-countries-ve": "Venezuela",
    "cards-countries-vn": "Vietnam",
    "cards-countries-vg": "Islas Vírgenes Británicas",
    "cards-countries-ye": "Yemen",
    "cards-countries-zm": "Zambia",
    "cards-countries-zw": "Zimbabwe"
     
    
  }
}
