{
  "data": {

    "cards-countries-na": "나미비아",
    "cards-countries-nr": "나우루",
    "cards-countries-np": "네팔",
    "cards-countries-nl": "네덜란드",
    "cards-countries-an": "네덜란드령 앤틸리스 제도",
    "cards-countries-new-caledonia": "뉴칼레도니아",
    "cards-countries-nc": "뉴질랜드",
    "cards-countries-ni": "니카라과",
    "cards-countries-ne": "니제르",
    "cards-countries-ng": "나이지리아",
    "cards-countries-kp": "북한",
    "cards-countries-no": "노르웨이",
    "cards-countries-om": "오만",
    "cards-countries-pk": "파키스탄",
    "cards-countries-pw": "팔라우",
    "cards-countries-ps": "팔레스타인",
    "cards-countries-pa": "파나마",
    "cards-countries-pg": "파푸아뉴기니",
    "cards-countries-py": "파라과이",
    "cards-countries-pe": "페루",
    "cards-countries-ph": "필리핀",
    "cards-countries-pl": "폴란드",
    "cards-countries-pt": "포르투갈",
    "cards-countries-pr": "푸에르토리코",
    "cards-countries-qa": "카타르",
    "cards-countries-cg": "콩고",
    "cards-countries-re": "리유니온",
    "cards-countries-ro": "루마니아",
    "cards-countries-ru": "러시아",
    "cards-countries-rw": "르완다",
    "cards-countries-kn": "세인트키츠 네비스",
    "cards-countries-lc": "세인트루시아",
    "cards-countries-vc": "세인트빈센트그레나딘",
    "cards-countries-ws": "사모아",
    "cards-countries-sm": "산마리노",
    "cards-countries-st": "키프로스",
    "cards-countries-sa": "사우디아라비아",
    "cards-countries-sn": "세네갈",
    "cards-countries-rs": "세르비아",
    "cards-countries-sc": "세이셸",
    "cards-countries-sl": "시에라리온",
    "cards-countries-sg": "싱가폴",
    "cards-countries-sk": "슬로바키아",
    "cards-countries-si": "슬로베니아",
    "cards-countries-sb": "솔로몬제도",
    "cards-countries-so": "소말리아",
    "cards-countries-za": "남아프리카공화국",
    "cards-countries-kr": "대한민국",
    "cards-countries-ss": "남수단",
    "cards-countries-es": "스페인",
    "cards-countries-lk": "스리랑카",
    "cards-countries-sd": "수단",
    "cards-countries-sr": "수리남",
    "cards-countries-sz": "스와질란드",
    "cards-countries-se": "스웨덴",
    "cards-countries-ch": "스위스",
    "cards-countries-sy": "시리아",
    "cards-countries-tw": "대만",
    "cards-countries-tj": "타지키스탄",
    "cards-countries-tz": "탄자니아",
    "cards-countries-th": "태국",
    "cards-countries-to": "통가",
    "cards-countries-tt": "트리니다드토바고",
    "cards-countries-tn": "튀니지",
    "cards-countries-tr": "터키",
    "cards-countries-tm": "투르크메니스탄",
    "cards-countries-tc": "터크스 케이커스 제도",
    "cards-countries-ug": "우간다",
    "cards-countries-ua": "우크라이나",
    "cards-countries-ae": "아랍에미리트",
    "cards-countries-gb": "영국",
    "cards-countries-us": "미국",
    "cards-countries-uy": "우루과이",
    "cards-countries-uz": "우즈베키스탄",
    "cards-countries-vu": "바누아투",
    "cards-countries-ve": "베네수엘라",
    "cards-countries-vn": "베트남",
    "cards-countries-ye": "예멘",
    "cards-countries-zm": "잠비아",
    "cards-countries-zw": "짐바브웨"
   
    
  }
}



  }
}
