{
  "data": {
    "cards-countries-af": "Афганистан",
    "cards-countries-al": "Албания",
    "cards-countries-dz": "Алжир",
    "cards-countries-ad": "Андорра",
    "cards-countries-ao": "Ангола",
    "cards-countries-ai": "Ангилья",
    "cards-countries-ag": "Антигуа и Барбуда",
    "cards-countries-ar": "Аргентина",
    "cards-countries-am": "Армения",
    "cards-countries-aw": "Аруба",
    "cards-countries-au": "Австралия",
    "cards-countries-at": "Австрия",
    "cards-countries-az": "Азербайджан",
    "cards-countries-bs": "Багамские Острова",
    "cards-countries-bh": "Бахрейн",
    "cards-countries-bd": "Бангладеш",
    "cards-countries-bb": "Барбадос",
    "cards-countries-by": "Беларусь",
    "cards-countries-be": "Бельгия",
    "cards-countries-bz": "Белиз",
    "cards-countries-bj": "Бенин",
    "cards-countries-bm": "Бермудские острова",
    "cards-countries-bt": "Бутан",
    "cards-countries-bo": "Боливия",
    "cards-countries-ba": "Босния и Герцеговина",
    "cards-countries-bw": "Ботсвана",
    "cards-countries-br": "Бразилия",
    "cards-countries-io": "Британская территория в Индийском океане",
    "cards-countries-bn": "Бруней",
    "cards-countries-bg": "Болгария",
    "cards-countries-bf": "Буркина Фасо",
    "cards-countries-bi": "Бурунди",
    "cards-countries-kh": "Камбоджа",
    "cards-countries-cm": "Камерун",
    "cards-countries-ca": "Канада",
    "cards-countries-cv": "Кабо-Верде",
    "cards-countries-ky": "Каймановы острова",
    "cards-countries-cf": "Центральноафриканская Республика",
    "cards-countries-td": "Чад",
    "cards-countries-cl": "Чили",
    "cards-countries-cn": "Китай",
    "cards-countries-co": "Колумбия",
    "cards-countries-km": "Коморские острова",
    "cards-countries-ck": "Острова Кука",
    "cards-countries-cr": "Коста-Рика",
    "cards-countries-hr": "Хорватия",
    "cards-countries-cu": "Куба",
    "cards-countries-cy": "Кипр",
    "cards-countries-cz": "Чешская Республика",
    "cards-countries-cd": "Демократическая Республика Конго",
    "cards-countries-dk": "Дания",
    "cards-countries-dj": "Джибути",
    "cards-countries-dm": "Доминика",
    "cards-countries-do": "Доминиканская Республика",
    "cards-countries-tl": "Восточный Тимор",
    "cards-countries-ec": "Эквадор",
    "cards-countries-eg": "Египет",
    "cards-countries-sv": "Сальвадор",
    "cards-countries-gq": "Экваториальная Гвинея",
    "cards-countries-er": "Эритрея",
    "cards-countries-ee": "Эстония",
    "cards-countries-et": "Эфиопия",
    "cards-countries-fk": "Фолклендские острова",
    "cards-countries-fo": "Фарерские острова",
    "cards-countries-fj": "Фиджи",
    "cards-countries-fi": "Финляндия",
    "cards-countries-fr": "Франция",
    "cards-countries-pf": "Французская Полинезия",
    "cards-countries-ga": "Габон",
    "cards-countries-gm": "Гамбия",
    "cards-countries-ge": "Грузия",
    "cards-countries-de": "Германия",
    "cards-countries-gh": "Гана",
    "cards-countries-gi": "Гибралтар",
    "cards-countries-gr": "Греция",
    "cards-countries-gl": "Гренландия",
    "cards-countries-gd": "Гренада",
    "cards-countries-gu": "Гуам",
    "cards-countries-gt": "Гватемала",
    "cards-countries-gg": "Гернси",
    "cards-countries-gn": "Гвинея",
    "cards-countries-gw": "Гвинея-Бисау",
    "cards-countries-gy": "Гайана",
    "cards-countries-ht": "Гаити",
    "cards-countries-hn": "Гондурас",
    "cards-countries-hk": "Гонконг",
    "cards-countries-hu": "Венгрия",
    "cards-countries-is": "Исландия",
    "cards-countries-in": "Индия",
    "cards-countries-id": "Индонезия",
    "cards-countries-ir": "Иран",
    "cards-countries-iq": "Ирак",
    "cards-countries-ie": "Ирландия",
    "cards-countries-il": "Израиль",
    "cards-countries-it": "Италия",
    "cards-countries-ci": "Кот-д'Ивуар",
    "cards-countries-jm": "Ямайка",
    "cards-countries-jp": "Япония",
    "cards-countries-je": "Джерси",
    "cards-countries-jo": "Иордаиня",
    "cards-countries-kz": "Казахстан",
    "cards-countries-ke": "Кения",
    "cards-countries-ki": "Кирибати",
    "cards-countries-xk": "Косово",
    "cards-countries-kw": "Кувейт",
    "cards-countries-kg": "Кыргызстан",
    "cards-countries-la": "Лаос",
    "cards-countries-lv": "Латвия",
    "cards-countries-lb": "Ливия",
    "cards-countries-ls": "Лесото",
    "cards-countries-lr": "Либерия",
    "cards-countries-ly": "Ливия",
    "cards-countries-li": "Лихтенштейн",
    "cards-countries-lt": "Литва",
    "cards-countries-lu": "Люксембург",
    "cards-countries-mo": "Макао",
    "cards-countries-mk": "Македония",
    "cards-countries-mg": "Мадагаскар",
    "cards-countries-mw": "Малави",
    "cards-countries-my": "Малайзия",
    "cards-countries-mv": "Мальдивы",
    "cards-countries-ml": "Мали",
    "cards-countries-mt": "Мальта",
    "cards-countries-mh": "Маршалловы Острова",
    "cards-countries-mr": "Мавритания",
    "cards-countries-mu": "Маврикий",
    "cards-countries-mx": "Мексика",
    "cards-countries-fm": "Микронезия",
    "cards-countries-md": "Молдова",
    "cards-countries-mc": "Монако",
    "cards-countries-mn": "Монголия",
    "cards-countries-me": "Чорногория",
    "cards-countries-ma": "Марокко",
    "cards-countries-mz": "Мозамбик",
    "cards-countries-mm": "Мьянма",
    "cards-countries-na": "Намибия",
    "cards-countries-nr": "Науру",
    "cards-countries-np": "Непал",
    "cards-countries-nl": "Нидерланды",
    "cards-countries-an": "Нидерландские Антильские острова",
    "cards-countries-nc": "Нова Каледония",
    "cards-countries-nc": "Новая Зеландия",
    "cards-countries-ni": "Никарагуа",
    "cards-countries-ne": "Нигер",
    "cards-countries-ng": "Нигерия",
    "cards-countries-kp": "Северная Корея",
    "cards-countries-no": "Норвегия",
    "cards-countries-om": "Оман",
    "cards-countries-pk": "Пакистан",
    "cards-countries-pw": "Палау",
    "cards-countries-ps": "Палестина",
    "cards-countries-pa": "Панама",
    "cards-countries-pg": "Папуа-Нова Гвинея",
    "cards-countries-py": "Парагвай",
    "cards-countries-pe": "Перу",
    "cards-countries-ph": "Филиппины",
    "cards-countries-pl": "Польша",
    "cards-countries-pt": "Португалия",
    "cards-countries-pr": "Пуэрто-Рико",
    "cards-countries-qa": "Катар",
    "cards-countries-cg": "Республика Конго",
    "cards-countries-re": "Реюньон",
    "cards-countries-ro": "Румуния",
    "cards-countries-ru": "Россия",
    "cards-countries-rw": "Руанда",
    "cards-countries-kn": "Сент-Китс и Невис",
    "cards-countries-lc": "Сент-Люсия",
    "cards-countries-vc": "Сент-Винсент и Гренадины",
    "cards-countries-ws": "Самоа",
    "cards-countries-sm": "Сан-Марино",
    "cards-countries-st": "Кипр",
    "cards-countries-sa": "Саудовская Аравия",
    "cards-countries-sn": "Сенегал",
    "cards-countries-rs": "Сербия",
    "cards-countries-sc": "Сейшельские острова",
    "cards-countries-sl": "Сьерра-Леоне",
    "cards-countries-sg": "Сингапур",
    "cards-countries-sk": "Словакия",
    "cards-countries-si": "Словения",
    "cards-countries-sb": "Соломоновы Острова",
    "cards-countries-so": "Сомали",
    "cards-countries-za": "Южная Африка",
    "cards-countries-kr": "Южная Корея",
    "cards-countries-ss": "Южный Судан",
    "cards-countries-es": "Испания",
    "cards-countries-lk": "Шри-Ланка",
    "cards-countries-sd": "Судан",
    "cards-countries-sr": "Суринам",
    "cards-countries-sz": "Свазиленд",
    "cards-countries-se": "Швеция",
    "cards-countries-ch": "Швейцария",
    "cards-countries-sy": "Сирия",
    "cards-countries-tw": "Тайвань",
    "cards-countries-tj": "Таджикистан",
    "cards-countries-tz": "Танзания",
    "cards-countries-th": "Таиланд",
    "cards-countries-to": "Тонга",
    "cards-countries-tt": "Тринидад и Тобаго",
    "cards-countries-tn": "Тунис",
    "cards-countries-tr": "Турция",
    "cards-countries-tm": "Туркменистан",
    "cards-countries-tc": "Острова Теркс и Кайкос",
    "cards-countries-ug": "Уганда",
    "cards-countries-ua": "Украина",
    "cards-countries-ae": "Объединенные Арабские Эмираты",
    "cards-countries-gb": "Великобритания",
    "cards-countries-us": "США",
    "cards-countries-uy": "Уругвай",
    "cards-countries-uz": "Узбекистан",
    "cards-countries-vu": "Вануату",
    "cards-countries-ve": "Венесуэла",
    "cards-countries-vn": "Вьетнам",
    "cards-countries-ye": "Йемен",
    "cards-countries-zm": "Замбия",
    "cards-countries-zw": "Зимбабве"
   
    
  }
}


